{"cameraMode":{"drawMode":0,"name":"Shaded","section":"Shading Mode"},"sceneLighting":true,"audioPlay":false,"sceneViewState":{"m_AlwaysRefresh":false,"showFog":true,"showSkybox":true,"showFlares":true,"showImageEffects":true,"showParticleSystems":true,"showVisualEffectGraphs":true,"m_FxEnabled":true},"in2DMode":false,"pivot":{"x":8.595882415771485,"y":9.672785758972168,"z":3.2743778228759767},"rotation":{"x":-0.21741440892219544,"y":0.03571309521794319,"z":-0.007960543036460877,"w":-0.9754112362861633},"size":28.360811233520509,"orthographic":false}