{"cameraMode":{"drawMode":0,"name":"Shaded","section":"Shading Mode"},"sceneLighting":true,"audioPlay":false,"sceneViewState":{"m_AlwaysRefresh":false,"showFog":true,"showSkybox":true,"showFlares":true,"showImageEffects":true,"showParticleSystems":true,"showVisualEffectGraphs":true,"m_FxEnabled":true},"in2DMode":false,"pivot":{"x":1.6824531555175782,"y":98.60430145263672,"z":-68.53417205810547},"rotation":{"x":-0.38185733556747439,"y":0.00748059619218111,"z":-0.0030978922732174398,"w":-0.9242075085639954},"size":3.554537296295166,"orthographic":false}